{
  "header": {
    "title": "Servicio Postal de San Valentín de Dani"
  },
  "home": {
    "title": "Servicio Postal de San Valentín de Dani",
    "subtitle": "¡Tu único y exclusivo VPS ha llegado!",
    "description": "Escuché que tienes algunos sentimientos... quiero decir cartas para compartir, ¿estás listo?",
    "writeButton": "Escribir Carta",
    "viewButton": "Ver Cartas",
    "howItWorks": "Cómo Funciona",
    "step1Title": "Paso 1",
    "step1Description": "Expresa tus sentimientos",
    "step2Title": "Paso 2",
    "step2Description": "Envíalo al buzón",
    "step3Title": "Paso 3",
    "step3Description": "¡Deja que el VPS de Dani comparta el amor!",
    "footer": "con amor siempre, Dani"
  },
  "writeLetter": {
    "title": "Escribe Tu Carta",
    "recipientLabel": "Para (Destinatario)",
    "recipientPlaceholder": "¿Para quién es esta carta?",
    "senderLabel": "De (Tu Nombre)",
    "senderPlaceholder": "¿Quién envía esta carta?",
    "messageLabel": "Tu Mensaje",
    "messagePlaceholder": "Escribe tu mensaje sincero aquí...",
    "sendButton": "Enviar Carta",
    "successMessage": "¡Carta enviada! 💕",
    "errorMessage": "Error al enviar la carta",
    "validationError": "Por favor completa todos los campos",
    "useTemplate": "Usar Plantilla"
  },
  "viewLetters": {
    "title": "Todas las Cartas",
    "noLetters": "Sin cartas aún. ¡Sé el primero en enviar una! 💕",
    "letterDetail": "Tu Carta de San Valentín",
    "downloadButton": "Descargar Tarjeta de Carta",
    "shareInstagramButton": "Compartir en Instagram Stories",
    "closeButton": "Cerrar"
  },
  "shareModal": {
    "title": "Guardar Carta",
    "downloadDescription": "Descarga tu carta como una hermosa tarjeta de arte de píxeles",
    "instagramDescription": "Comparte tu carta directamente en Instagram Stories",
    "spreadMessage": "Comparte el amor 💕",
    "downloadSuccess": "¡Tarjeta de carta descargada!",
    "downloadError": "Error al descargar la tarjeta de carta",
    "instagramSuccess": "Abriendo Instagram Stories...",
    "instagramError": "Error al compartir en Instagram Stories"
  },
  "reactions": {
    "addReaction": "Agregar Reacción",
    "heart": "❤️",
    "sparkles": "✨",
    "fire": "🔥",
    "smile": "😊",
    "thumbsUp": "👍"
  },
  "common": {
    "loading": "Cargando...",
    "error": "Ocurrió un error",
    "success": "¡Éxito!",
    "cancel": "Cancelar",
    "submit": "Enviar",
    "delete": "Eliminar",
    "edit": "Editar",
    "back": "Atrás"
  }
}
