{
  "en": {
    "title": "Choose a Letter Template",
    "selectTheme": "Select Theme:",
    "selectTemplate": "Select Template:",
    "preview": "Preview:",
    "tip": "Tip: You can customize this template after selecting it. Replace [RECIPIENT] and [YOUR NAME] with actual names.",
    "useThisTemplate": "Use This Template",
    "themes": {
      "romantic": {
        "label": "Romantic",
        "description": "Express your love and affection"
      },
      "funny": {
        "label": "Funny",
        "description": "Make them laugh with humor"
      },
      "friendship": {
        "label": "Friendship",
        "description": "Celebrate your friendship"
      }
    }
  },
  "es": {
    "title": "Elige una Plantilla de Carta",
    "selectTheme": "Selecciona Tema:",
    "selectTemplate": "Selecciona Plantilla:",
    "preview": "Vista Previa:",
    "tip": "Consejo: Puedes personalizar esta plantilla después de seleccionarla. Reemplaza [RECIPIENT] y [YOUR NAME] con nombres reales.",
    "useThisTemplate": "Usar Esta Plantilla",
    "themes": {
      "romantic": {
        "label": "Romántico",
        "description": "Expresa tu amor y afecto"
      },
      "funny": {
        "label": "Divertido",
        "description": "Hazlos reír con humor"
      },
      "friendship": {
        "label": "Amistad",
        "description": "Celebra tu amistad"
      }
    }
  }
}
